{"flutter":{"platforms":{"android":{"default":{"projectId":"classwork06-1895f","appId":"1:204693285797:android:e06b34faf26d6ee983164c","fileOutput":"android/app/google-services.json"}},"ios":{"default":{"projectId":"classwork06-1895f","appId":"1:204693285797:ios:86be820d35548cdf83164c","uploadDebugSymbols":false,"fileOutput":"ios/Runner/GoogleService-Info.plist"}},"macos":{"default":{"projectId":"classwork06-1895f","appId":"1:204693285797:ios:86be820d35548cdf83164c","uploadDebugSymbols":false,"fileOutput":"macos/Runner/GoogleService-Info.plist"}},"dart":{"lib/firebase_options.dart":{"projectId":"classwork06-1895f","configurations":{"android":"1:204693285797:android:e06b34faf26d6ee983164c","ios":"1:204693285797:ios:86be820d35548cdf83164c","macos":"1:204693285797:ios:86be820d35548cdf83164c","web":"1:204693285797:web:c40026a880c31f6583164c","windows":"1:204693285797:web:3917534aaa8cecbf83164c"}}}}}}